{
  "app/controllers/api/v1/players_controller.rb": 1749429424.8708563,
  "app/controllers/api/v1/subscriptions_controller.rb": 1752175541.0599377,
  "app/controllers/api/v1/guesses_controller.rb": 1754250294.4210773,
  "app/controllers/api/v1/games_controller.rb": 1775928020.3428948,
  "app/controllers/api/v1/guestusers_controller.rb": 1749429424.8698564,
  "app/controllers/api/v1/videos_controller.rb": 1749429424.8708563,
  "app/controllers/api/v1/pages_controller.rb": 1749429424.8708563,
  "app/controllers/api/v1/mirrors_controller.rb": 1749429424.8708563,
  "app/controllers/api/v1/songs_controller.rb": 1749429424.8708563,
  "app/models/subscription.rb": 1749429424.9128563,
  "app/models/game_constraint.rb": 1749429424.9118564,
  "app/models/song.rb": 1749429424.9128563,
  "app/models/mongo_song.rb": 1749429424.9118564,
  "app/models/mongo_campaign.rb": 1749429424.9118564,
  "app/models/player_answer.rb": 1749429424.9128563,
  "app/models/mongo_game.rb": 1749429424.9118564,
  "app/models/era.rb": 1749429424.9108562,
  "app/models/score_table.rb": 1749429424.9128563,
  "app/models/double_data.rb": 1752474598.0146856,
  "app/models/mongo_playlist.rb": 1749429424.9118564,
  "app/models/player.rb": 1753793359.9274397,
  "app/models/player_song_play.rb": 1754423084.3197343,
  "app/models/mongo_series.rb": 1749429424.9118564,
  "app/models/admin_user.rb": 1749429424.9108562,
  "app/models/campaign_asset.rb": 1749429424.9108562,
  "app/models/era_song.rb": 1749429424.9108562,
  "app/models/song_play.rb": 1749429424.9128563,
  "app/models/mongo_player.rb": 1749429424.9118564,
  "app/models/ticket.rb": 1749429424.9128563,
  "app/models/asset.rb": 1749429424.9108562,
  "app/models/voucher.rb": 1749429424.9128563,
  "app/models/mongo_session.rb": 1749429424.9118564,
  "app/models/spiff.rb": 1749429424.9128563,
  "app/models/single_data.rb": 1749429424.9128563,
  "app/models/mongo_round.rb": 1749429424.9118564,
  "app/models/video.rb": 1749429424.9128563,
  "app/models/mongo_host.rb": 1749429424.9118564,
  "app/models/guess.rb": 1757398648.0299256,
  "app/models/open_session.rb": 1749429424.9118564,
  "app/models/genre_song.rb": 1749429424.9118564,
  "app/models/application_record.rb": 1749429424.9108562,
  "app/models/series.rb": 1749429424.9128563,
  "app/models/campaign.rb": 1749429424.9108562,
  "app/models/game_profile.rb": 1749429424.9118564,
  "app/models/feedback.rb": 1749429424.9108562,
  "app/models/playlist.rb": 1749429424.9128563,
  "app/models/random_name.rb": 1749429424.9128563,
  "app/models/account.rb": 1772426216.2572002,
  "app/models/charge.rb": 1749429424.9108562,
  "app/models/mongo_song_play.rb": 1749429424.9118564,
  "app/models/question_answer_data.rb": 1753807487.2532475,
  "app/models/session.rb": 1749429424.9128563,
  "app/models/song_feedback.rb": 1749429424.9128563,
  "app/models/round.rb": 1753413386.8630934,
  "app/models/playlist_song.rb": 1749429424.9128563,
  "app/models/genre.rb": 1749429424.9118564,
  "app/models/game.rb": 1753881121.9363663,
  "app/models/nexmo_number.rb": 1749429424.9118564,
  "app/javascript/src/App.jsx": 1749429424.8728564,
  "app/javascript/src/routes/Routes.jsx": 1772426216.2562003,
  "app/javascript/src/constants/routeConstants.js": 1749429424.8918564,
  "app/javascript/src/constants/accountConstants.js": 1749429424.8908563,
  "app/javascript/src/constants/playerConstants.js": 1749429424.8918564,
  "app/javascript/src/constants/planConstants.js": 1749429424.8918564,
  "app/javascript/src/constants/pusherConstants.js": 1749429424.8918564,
  "app/javascript/src/constants/stateNames.js": 1749429424.8928564,
  "app/javascript/src/constants/indexConstants.js": 1749429424.8918564,
  "app/javascript/src/constants/pusher.js": 1749429424.8918564,
  "app/javascript/src/constants/gameConstants.js": 1749429424.8908563,
  "app/javascript/src/constants/debug.js": 1770531618.1000316,
  "app/javascript/src/constants/mirror.js": 1749429424.8918564,
  "app/javascript/src/constants/feedbackConstants.js": 1749429424.8908563,
  "app/javascript/src/constants/authConstants.js": 1749429424.8908563,
  "app/javascript/src/packs/application.js": 1749429424.9078562,
  "app/javascript/src/reducers/index.js": 1749429424.9088564,
  "app/javascript/src/reducers/accountReducer.js": 1749429424.9078562,
  "app/javascript/src/reducers/playerReducer.js": 1749429424.9088564,
  "app/javascript/src/reducers/feedbackReducer.js": 1749429424.9078562,
  "app/javascript/src/reducers/soloGameReducer.js": 1749429424.9088564,
  "app/javascript/src/reducers/authReducer.js": 1749429424.9078562,
  "app/javascript/src/reducers/gameReducer.js": 1749429424.9088564,
  "app/javascript/src/reducers/indexReducer.js": 1749429424.9088564,
  "app/javascript/src/reducers/guessReducer.js": 1749429424.9088564,
  "app/javascript/src/reducers/mirrorReducer.js": 1749429424.9088564,
  "app/javascript/src/reducers/gameCodeReducer.js": 1749429424.9088564,
  "app/javascript/src/reducers/pusherReducer.js": 1749429424.9088564,
  "app/javascript/src/components/HostGameTimer.jsx": 1753619926.0237732,
  "app/javascript/src/components/Setting.jsx": 1749429424.8838563,
  "app/javascript/src/components/Login.jsx": 1757398288.505296,
  "app/javascript/src/components/GameRemote.jsx": 1757399320.513443,
  "app/javascript/src/components/CompletedGames.jsx": 1749429424.8738563,
  "app/javascript/src/components/ConfirmOtp.jsx": 1749429424.8748562,
  "app/javascript/src/components/RegistrationForm.jsx": 1749429424.8828564,
  "app/javascript/src/components/Rewards.jsx": 1757398521.7281094,
  "app/javascript/src/components/RegistrationWelcome.jsx": 1749429424.8828564,
  "app/javascript/src/components/SongAdditionalInfo.jsx": 1749429424.8838563,
  "app/javascript/src/components/MayhemMatesGame.jsx": 1749429424.8788564,
  "app/javascript/src/components/PlayerCareer.jsx": 1749429424.8818562,
  "app/javascript/src/components/SessionList.jsx": 1749429424.8838563,
  "app/javascript/src/components/SeriesTable.jsx": 1749429424.8838563,
  "app/javascript/src/components/MusicMayhemClient.jsx": 1757398845.4686403,
  "app/javascript/src/components/Appliance.jsx": 1757398065.1935155,
  "app/javascript/src/components/SoloGame.jsx": 1749429424.8838563,
  "app/javascript/src/components/Loader.jsx": 1749429424.8788564,
  "app/javascript/src/components/PurchasePlan.jsx": 1749429424.8828564,
  "app/javascript/src/components/SeriesScore.jsx": 1757398529.3478184,
  "app/javascript/src/components/MayhemMatesClient.jsx": 1749429424.8788564,
  "app/javascript/src/components/AccountSetting.jsx": 1749429424.8738563,
  "app/javascript/src/components/ListNormal.jsx": 1749429424.8788564,
  "app/javascript/src/components/SeriesSummary.jsx": 1749429424.8838563,
  "app/javascript/src/components/PlayerGuessScreen.jsx": 1772426216.2552001,
  "app/javascript/src/components/SpinWheel.jsx": 1749429424.8838563,
  "app/javascript/src/components/ChatModal.jsx": 1749429424.8738563,
  "app/javascript/src/components/Index.jsx": 1749429424.8778563,
  "app/javascript/src/components/Header.jsx": 1775934843.4940844,
  "app/javascript/src/components/LeaderBoardTable.jsx": 1749429424.8778563,
  "app/javascript/src/components/GameHistory.jsx": 1749429424.8768563,
  "app/javascript/src/components/GameConfiguration.jsx": 1757399362.617806,
  "app/javascript/src/components/StandardTriviaForm.jsx": 1749429424.8848562,
  "app/javascript/src/components/PlaylistFilter.jsx": 1757398464.3067024,
  "app/javascript/src/components/helper.jsx": 1749429424.8858564,
  "app/javascript/src/components/PlayerWelcomeScreen.jsx": 1749429424.8828564,
  "app/javascript/src/components/StandardTriviaClient.jsx": 1757398830.843934,
  "app/javascript/src/components/MusicMayhemGame.jsx": 1772426216.2542002,
  "app/javascript/src/components/VideoModal.jsx": 1749429424.8858564,
  "app/javascript/src/components/SongPicture.jsx": 1749429424.8838563,
  "app/javascript/src/components/FinalLeaderboard.jsx": 1749429424.8748562,